{"ewt_weekdays":14.83244988728447,"ewt_saturdays":9.931215804545177,"ewt_sundays":9.404683084885287}