{"ewt_weekdays":15.6399884842378,"ewt_saturdays":22.35210738448251,"ewt_sundays":22.36778465524687}