{"ewt_weekdays":1.1164451760712127e-8,"ewt_saturdays":7.934585469772789e-9,"ewt_sundays":7.2305861686707105e-9}