{"ewt_weekdays":10.864168618266978,"ewt_saturdays":17.386150468384074,"ewt_sundays":22.93149882903981}