{"ewt_weekdays":9.087121212121211,"ewt_saturdays":17.743243243243242,"ewt_sundays":20.709923664122137}