{"ewt_weekdays":9.984126984126984,"ewt_saturdays":18.15950920245399,"ewt_sundays":21.62773722627737}